Gate ID,Requirement,Target Threshold,Result,Evidence Level,Reasons
GATE_OPENING_WIDTH,Absolute opening width error <= 2 cm (0.02m) on >= 85% of openings.,error <= 0.02m on >= 85% of openings,NOT_EVALUABLE,NOT_EVALUABLE,Independent physical ground-truth openings absent in sample dataset.; Cannot evaluate gate without independent physical opening audit.
GATE_CEILING_HEIGHT,Absolute ceiling-height error <= 1.5 cm (0.015m) per room.,error <= 0.015m per room,NOT_EVALUABLE,NOT_EVALUABLE,Independent physical ceiling height measurements absent in sample dataset.
GATE_REPEATABILITY,Same-room same-tier wall agreement within 1 cm OR 0.5% per wall across independent scans.,<= 0.01m or <= 0.5%,NOT_EVALUABLE,NOT_EVALUABLE,Independent repeat physical scans do not exist in current sample dataset.; Processing the same raw capture twice does not constitute repeatability.
GATE_VIDEO_WALL_LENGTH,Video tier wall-length relative error target approximately ±3% where physical GT exists.,approx ±3% (0.03),NOT_EVALUABLE,NOT_EVALUABLE,Physical ground truth absent for video wall dimension validation.
GATE_PHOTO_WALL_LENGTH,Photo tier wall-length relative error target approximately ±8% where physical GT exists.,approx ±8% (0.08),NOT_EVALUABLE,NOT_EVALUABLE,Physical ground truth absent for photo wall dimension validation.
GATE_PHOTO_PROPERTY_FOOTPRINT,Photo whole-property footprint relative error target approximately ±8% with calibrated uncertainty.,approx ±8% (0.08),NOT_EVALUABLE,NOT_EVALUABLE,Physical ground truth absent for whole-property footprint evaluation.
GATE_DRIFT_ABLATION,Drift correction and ablation must exist; raw odometry 'poses as-is' is unacceptable.,Ablation manifest & pose graph optimization implemented,PASS,INTERNAL_CONSISTENCY,"Multi-room loop closure, pose graph optimization, and drift ablation study verified in Stage 6/6.1.; Verified 96.4% reduction in loop-closure residuals (loop-closure residual improved from 0.0906m to 0.0033m across 5 accepted loop constraints; endpoint gap 0.389m -> 0.448m)."
GATE_INCUMBENT_COMPARISON,Dimension-by-dimension comparison against incumbent app; beat or tie on >= 70% shared dimensions.,beat/tie >= 70% (0.70),NOT_EVALUABLE,NOT_EVALUABLE,No incumbent benchmark measurements provided in benchmark inputs.
GATE_DAMAGE_EXTENT,Metric damage extent measurement and repair scope generation on synthetic fixtures.,Synthetic fixture extent validation & scope generation,PASS,SYNTHETIC_GROUND_TRUTH,"Evaluated against synthetic/staged fixtures. Mean area rel error: 3.5%, Mean crack length rel error: 1.3%. Repair scope successfully generated.; NOTE: Sample dataset contains NO certified real damage annotations."
